{"cameraMode":{"drawMode":0,"name":"Shaded","section":"Shading Mode"},"sceneLighting":false,"audioPlay":false,"sceneViewState":{"showFog":true,"showMaterialUpdate":true,"showSkybox":false,"showFlares":true,"showImageEffects":true,"showParticleSystems":true},"in2DMode":false,"pivot":{"x":4.630000114440918,"y":-1.5199999809265137,"z":-0.16999995708465577},"rotation":{"x":0.348981648683548,"y":-0.0813845694065094,"z":0.0304381363093853,"w":0.9330925941467285},"size":65.40245056152344,"orthographic":true}