{"cameraMode":{"drawMode":0,"name":"Shaded","section":"Shading Mode"},"sceneLighting":false,"audioPlay":false,"sceneViewState":{"showFog":true,"showMaterialUpdate":true,"showSkybox":true,"showFlares":true,"showImageEffects":true,"showParticleSystems":true},"in2DMode":false,"pivot":{"x":0.57421875,"y":-0.30096435546875,"z":-36.40155029296875},"rotation":{"x":0.27003416419029238,"y":-0.22415228188037873,"z":0.0647951066493988,"w":0.9341514706611633},"size":21.482830047607423,"orthographic":true}