{"cameraMode":{"drawMode":0,"name":"Shaded","section":"Shading Mode"},"sceneLighting":false,"audioPlay":false,"sceneViewState":{"showFog":true,"showMaterialUpdate":true,"showSkybox":false,"showFlares":true,"showImageEffects":true,"showParticleSystems":true},"in2DMode":false,"pivot":{"x":4.630000114440918,"y":-1.5199999809265137,"z":-0.16999995708465577},"rotation":{"x":0.34898167848587038,"y":-0.08138457685709,"z":0.030438140034675599,"w":0.9330927133560181},"size":65.40245056152344,"orthographic":true}