{"cameraMode":{"drawMode":0,"name":"Shaded","section":"Shading Mode"},"sceneLighting":false,"audioPlay":false,"sceneViewState":{"showFog":true,"showMaterialUpdate":true,"showSkybox":true,"showFlares":true,"showImageEffects":true,"showParticleSystems":true},"in2DMode":false,"pivot":{"x":15.740234375,"y":-1.762939453125,"z":9.238525390625},"rotation":{"x":0.24681271612644196,"y":-0.3938787877559662,"z":0.11066402494907379,"w":0.8784626126289368},"size":45.66593551635742,"orthographic":true}